{
  "prng_random_100": [
    0.6394267984578837,
    0.025010755222666936,
    0.27502931836911926,
    0.22321073814882275,
    0.7364712141640124,
    0.6766994874229113,
    0.8921795677048454,
    0.08693883262941615,
    0.4219218196852704,
    0.029797219438070344,
    0.21863797480360336,
    0.5053552881033624,
    0.026535969683863625,
    0.1988376506866485,
    0.6498844377795232,
    0.5449414806032167,
    0.2204406220406967,
    0.5892656838759087,
    0.8094304566778266,
    0.006498759678061017,
    0.8058192518328079,
    0.6981393949882269,
    0.3402505165179919,
    0.15547949981178155,
    0.9572130722067812,
    0.33659454511262676,
    0.09274584338014791,
    0.09671637683346401,
    0.8474943663474598,
    0.6037260313668911,
    0.8071282732743802,
    0.7297317866938179,
    0.5362280914547007,
    0.9731157639793706,
    0.3785343772083535,
    0.552040631273227,
    0.8294046642529949,
    0.6185197523642461,
    0.8617069003107772,
    0.577352145256762,
    0.7045718362149235,
    0.045824383655662215,
    0.22789827565154686,
    0.28938796360210717,
    0.0797919769236275,
    0.23279088636103018,
    0.10100142940972912,
    0.2779736031100921,
    0.6356844442644002,
    0.36483217897008424,
    0.37018096711688264,
    0.2095070307714877,
    0.26697782204911336,
    0.936654587712494,
    0.6480353852465935,
    0.6091310056669882,
    0.171138648198097,
    0.7291267979503492,
    0.1634024937619284,
    0.3794554417576478,
    0.9895233506365952,
    0.6399997598540929,
    0.5569497437746462,
    0.6846142509898746,
    0.8428519201898096,
    0.7759999115462448,
    0.22904807196410437,
    0.03210024390403776,
    0.3154530480590819,
    0.26774087597570273,
    0.21098284358632646,
    0.9429097143350544,
    0.8763676264726689,
    0.3146778807984779,
    0.65543866529488,
    0.39563190106066426,
    0.9145475897405435,
    0.4588518525873988,
    0.26488016649805246,
    0.24662750769398345,
    0.5613681341631508,
    0.26274160852293527,
    0.5845859902235405,
    0.897822883602477,
    0.39940050514039727,
    0.21932075915728333,
    0.9975376064951103,
    0.5095262936764645,
    0.09090941217379389,
    0.04711637542473457,
    0.10964913035065915,
    0.62744604170309,
    0.7920793643629641,
    0.42215996679968404,
    0.06352770615195713,
    0.38161928650653676,
    0.9961213802400968,
    0.529114345099137,
    0.9710783776136181,
    0.8607797022344981
  ],
  "prng_gauss_50": [
    -0.14409032957792836,
    -0.1729036003315193,
    -0.11131586156766246,
    0.7019837250988631,
    -0.12758828378288709,
    -1.4973534143409575,
    0.33231834406771527,
    -0.2673374784971682,
    -0.216958684145195,
    0.11588478670085507,
    0.23229773690672087,
    1.163558686599143,
    0.6566365067986689,
    0.11050717744383194,
    -0.7383216023448206,
    -1.014662367487717,
    0.24634219521120196,
    1.3110808272040482,
    0.04165686390338389,
    -0.10632329377078427,
    0.5317762204008692,
    -1.453545298008678,
    -0.3122773171445598,
    0.49036253259352475,
    0.8734043853794468,
    -0.2406296726551354,
    0.3765998586879102,
    0.24821344932841446,
    0.7823268087036421,
    -1.1132222142481727,
    0.5682506875853857,
    -1.5145203917251397,
    -2.619945422218852,
    -0.6068907281995026,
    -0.9158100463459948,
    0.8760122430564063,
    0.664265899612895,
    -1.2190747412956953,
    0.8473614233480005,
    -1.0022028242423497,
    -0.08624384633628418,
    -0.29389977795653216,
    0.11441985746092122,
    0.8186363115437669,
    0.6384137907924435,
    0.3498851018692087,
    0.6499480978062986,
    0.4784920376501184,
    -0.6269854652196,
    -0.7173710938165774
  ],
  "prng_shuffle_100": [
    42,
    41,
    91,
    9,
    65,
    50,
    1,
    70,
    15,
    78,
    73,
    10,
    55,
    56,
    72,
    45,
    48,
    92,
    76,
    37,
    30,
    21,
    32,
    96,
    80,
    49,
    83,
    26,
    87,
    33,
    8,
    47,
    59,
    63,
    74,
    44,
    98,
    52,
    85,
    12,
    36,
    23,
    39,
    40,
    18,
    66,
    61,
    60,
    7,
    34,
    99,
    46,
    2,
    51,
    16,
    38,
    58,
    68,
    22,
    62,
    24,
    5,
    6,
    67,
    82,
    19,
    79,
    43,
    90,
    20,
    0,
    95,
    57,
    93,
    53,
    89,
    25,
    71,
    84,
    77,
    64,
    29,
    27,
    88,
    97,
    4,
    54,
    75,
    11,
    69,
    86,
    13,
    17,
    28,
    31,
    35,
    94,
    3,
    14,
    81
  ],
  "prng_choices_100": [
    3,
    0,
    1,
    1,
    3,
    3,
    3,
    0,
    2,
    0,
    1,
    2,
    0,
    1,
    3,
    2,
    1,
    2,
    3,
    0,
    3,
    3,
    2,
    1,
    3,
    2,
    0,
    0,
    3,
    3,
    3,
    3,
    2,
    3,
    2,
    2,
    3,
    3,
    3,
    2,
    3,
    0,
    1,
    1,
    0,
    1,
    1,
    1,
    3,
    2,
    2,
    1,
    1,
    3,
    3,
    3,
    1,
    3,
    1,
    2,
    3,
    3,
    2,
    3,
    3,
    3,
    1,
    0,
    2,
    1,
    1,
    3,
    3,
    2,
    3,
    2,
    3,
    2,
    1,
    1,
    2,
    1,
    2,
    3,
    2,
    1,
    3,
    2,
    0,
    0,
    1,
    3,
    3,
    2,
    0,
    2,
    3,
    2,
    3,
    3
  ],
  "value_add": {
    "a": 2.0,
    "b": 3.0,
    "result": 5.0
  },
  "value_mul": {
    "a": 2.0,
    "b": 3.0,
    "result": 6.0
  },
  "value_sub": {
    "a": 5.0,
    "b": 3.0,
    "result": 2.0
  },
  "value_div": {
    "a": 6.0,
    "b": 2.0,
    "result": 3.0
  },
  "value_pow": {
    "a": 2.0,
    "n": 3.0,
    "result": 8.0
  },
  "value_neg": {
    "a": 5.0,
    "result": -5.0
  },
  "value_log": {
    "a": 2.718281828459045,
    "result": 1.0
  },
  "value_exp": {
    "a": 1.0,
    "result": 2.718281828459045
  },
  "value_relu_pos": {
    "a": 5.0,
    "result": 5.0
  },
  "value_relu_neg": {
    "a": -5.0,
    "result": 0
  },
  "value_complex_expr": {
    "x": 2.0,
    "y": 3.0,
    "z": 4.0,
    "result": 400.0,
    "x_grad": 160.0,
    "y_grad": 160.0,
    "z_grad": 200.0
  },
  "value_fanout": {
    "x": 3.0,
    "result": 9.0,
    "x_grad": 6.0
  },
  "value_chain_rule": {
    "x": 2.0,
    "y": 3.0,
    "result": 36.0,
    "x_grad": 36.0,
    "y_grad": 24.0
  },
  "value_log_exp_chain": {
    "x": 1.0,
    "y": 2.0,
    "z": 3.0,
    "result": 4.654334141796152,
    "x_grad": 1.7283506542974876,
    "y_grad": 0.6358246728512564,
    "z_grad": 1.5514447139320509
  },
  "linear_identity": {
    "x": [
      1.0,
      2.0,
      3.0
    ],
    "result": [
      1.0,
      2.0
    ]
  },
  "linear_weighted": {
    "x": [
      1.0,
      2.0,
      3.0
    ],
    "w": [
      [
        1.0,
        2.0,
        3.0
      ],
      [
        4.0,
        5.0,
        6.0
      ]
    ],
    "result": [
      14.0,
      32.0
    ]
  },
  "softmax_123": {
    "logits": [
      1.0,
      2.0,
      3.0
    ],
    "result": [
      0.09003057317038045,
      0.2447284710547976,
      0.6652409557748218
    ]
  },
  "softmax_large": {
    "logits": [
      1000.0,
      1001.0,
      1002.0
    ],
    "result": [
      0.09003057317038045,
      0.2447284710547976,
      0.6652409557748218
    ]
  },
  "rmsnorm_123": {
    "x": [
      1.0,
      2.0,
      3.0
    ],
    "result": [
      0.46290955391201943,
      0.9258191078240389,
      1.3887286617360584
    ]
  },
  "rmsnorm_same": {
    "x": [
      5.0,
      5.0,
      5.0
    ],
    "result": [
      0.99999980000006,
      0.99999980000006,
      0.99999980000006
    ]
  },
  "matrix_3x4_std002": [
    [
      -0.002881806591558567,
      -0.0034580720066303863,
      -0.0022263172313532493,
      0.014039674501977262
    ],
    [
      -0.0025517656756577417,
      -0.02994706828681915,
      0.006646366881354305,
      -0.005346749569943365
    ],
    [
      -0.0043391736829039,
      0.0023176957340171017,
      0.004645954738134417,
      0.02327117373198286
    ]
  ],